Id,Account,Password,Position,Gender,Motto,UserName,Birthday,ProfileImagePath,Status
1,8492057316,hfQ5\N9uA7h5,RegularUser,Male,"""Believe in the me that believes in you."" - Kamina, Gurren Lagann",SilverShadow,1990/1/1,images/profile1.jpg,NORMAL
2,5629308147,r\T3m~f~:0l:,RegularUser,Female,"""I am not alone. I can hear them... I can hear everyone's voices!"" - Naruto Uzumaki, Naruto",MysticPhoenix,2001/1/1,images/profile2.jpg,MUTE_7_DAYS
3,7164852039,<oD&F!tR1Cp2,RegularUser,Male,"""I don't want to conquer anything. I just think the guy with the most freedom in this whole ocean... that is the Pirate King!"" - Monkey D. Luffy, One Piece",DreamCatcher,1992/1/1,images/profile3.jpg,MUTE_7_DAYS
4,3902165748,BCm7+xe2M'.%,RegularUser,Female,"""It's not the face that makes someone a monster; it's the choices they make with their lives."" - Naruto Uzumaki, Naruto",QuantumQuasar,1989/1/1,images/profile4.jpg,MUTE_7_DAYS
5,6258491307,xEn{-kQp*w4t,RegularUser,Male,"""I am going to be king of the pirates!"" - Monkey D. Luffy, One Piece",CelestialSerenity,1982/1/1,images/profile5.jpg,NORMAL
6,4731982065,K.tZ*=.jdKuP,RegularUser,Female,"""I am not a hero because I want your approval. I do it because I want to!"" - Izuku Midoriya, My Hero Academia",NebulaNova,1991/1/1,images/profile6.jpg,NORMAL
7,8906412573,smm\u`Bj10#m,RegularUser,Male,"""People die if they are killed."" - Emiya Shirou, Fate/stay night",EchoVortex,1994/1/1,images/profile7.jpg,MUTE_7_DAYS
8,1587346920,hOVRy1jp;/]l,RegularUser,Female,"""The world is not beautiful, and that, in a way, lends it a sort of beauty."" - Kino, Kino's Journey",LunarEclipse,1990/1/1,images/profile8.jpg,NORMAL
9,3048679152,\5t_Smg'}INB,RegularUser,Male,"""Even if I die, you keep living okay? Live to see the end of this world, and to see why it was born. Live to see why a weak girl like me ended up here... And the reason you and I met."" - Homura Akemi, Puella Magi Madoka Magica",StarlightWhisper,1964/1/1,images/profile9.jpg,NORMAL
10,9273154086,h$w>ej|$`v.H,RegularUser,Female,"""I'm not gonna run away, I never go back on my word! That's my nindo: my ninja way!"" - Naruto Uzumaki, Naruto",InfiniteHorizon,1989/1/1,images/profile10.jpg,MUTE_7_DAYS
11,6812579043,-.)yH\(D)]-$,RegularUser,Male,"""A true hero isn't measured by the size of his strength, but by the strength of his heart."" - Zeus, One Punch Man",EnigmaRiddle,1980/1/1,images/profile11.jpg,NORMAL
12,4357892016,7}Gx.iSaPY>u,RegularUser,Female,"""I don't want to be a hero because I want your approval. I want to be a hero because I want to."" - Izuku Midoriya, My Hero Academia",SolarFlare,1988/1/1,images/profile12.jpg,NORMAL
13,2093468715,~G+Wa&6B3;hm,RegularUser,Male,"""I am Justice! I protect the innocent and those who fear evil."" - Light Yagami, Death Note",VelvetVelocity,1986/1/1,images/profile13.jpg,NORMAL
14,7541829306,}/\Zbh)Qz()c,RegularUser,Female,"""No one knows what the future holds. That's why its potential is infinite."" - Riko Aida, Kuroko's Basketball",AuroraBorealis,2016/1/1,images/profile14.jpg,NORMAL
15,5960347812,#$km8N9x&]wv,RegularUser,Male,"""The only way to do something is to do it!"" - Monkey D. Luffy, One Piece",PhoenixRising,1994/1/1,images/profile15.jpg,MUTE_7_DAYS
16,8230761495,|*xcc-B-"h0J,RegularUser,Female,"""Even a fool can make the impossible possible if he sticks with it to the end."" - Monkey D. Luffy, One Piece",GalacticGazer,2000/1/1,images/profile16.jpg,NORMAL
17,3179826045,4ZSnWH}KD-i$,RegularUser,Male,"""It's not the face that makes someone a monster; it's the choices they make with their lives."" - Naruto Uzumaki, Naruto",SerendipitySeeker,2003/1/1,images/profile17.jpg,NORMAL
18,4602581937,7Qnw[DP1!y:U,RegularUser,Female,"""In the name of the moon, I will punish you!"" - Sailor Moon, Sailor Moon",RadiantReverie,1999/1/1,images/profile18.jpg,NORMAL
19,6825943017,Ya]6C6pv/rsM,RegularUser,Male,"""It's okay not to be okay as long as you are willing to be honest about what you are going through."" - Inuyasha, Inuyasha",NimbusNectar,1991/1/1,images/profile19.jpg,MUTE_7_DAYS
20,1357902468,Y!|g!A3fErub,RegularUser,Female,"""If you have time to think of a beautiful end, then live beautifully until the end."" - Sakata Gintoki, Gintama",EtherealEssence,2000/1/1,images/profile20.jpg,NORMAL
21,9750314682,|QXIzDmlm1tc,RegularUser,Male,"""The only thing we're allowed to do is to believe that we won't regret the choice we made."" - Levi Ackerman, Attack on Titan",MirageMingle,1989/1/1,images/profile21.jpg,NORMAL
22,6483719250,oni=6SvF8!c1,RegularUser,Female,"""No one knows what the future holds. That's why its potential is infinite."" - Riko Aida, Kuroko's Basketball",ObsidianOracle,2001/1/1,images/profile22.jpg,NORMAL
23,2147896503,E]1\.FMBtC1v,RegularUser,Male,"""The world's not perfect, but it's there for us trying the best it can, that's what makes it so damn beautiful."" - Roy Mustang, Fullmetal Alchemist",AstralAlchemy,1989/1/1,images/profile23.jpg,MUTE_7_DAYS
24,5301982476,0#I^b1lt3y0g,RegularUser,Female,"""It's not the face that makes someone a monster; it's the choices they make with their lives."" - Naruto Uzumaki, Naruto",VelvetVoyager,2003/1/1,images/profile24.jpg,NORMAL
25,7934601825,BdXTbn<Raj}$,RegularUser,Male,"""The only ones who should kill are those prepared to be killed!"" - Lelouch Lamperouge, Code Geass",ElysianEcho,1999/1/1,images/profile25.jpg,NORMAL
26,1862453079,aRREVPG\rg^w,RegularUser,Female,"""I am the hope of the universe. I am the answer to all living things that cry out for peace."" - Goku, Dragon Ball Z",CelestialCipher,1982/1/1,images/profile26.jpg,MUTE_7_DAYS
27,9425078163,"^gi,#O?s<i}",RegularUser,Male,"""No one knows what the future holds. That's why its potential is infinite."" - Riko Aida, Kuroko's Basketball",EnchantedEphemera,2011/1/1,images/profile27.jpg,NORMAL
28,3726895104,p6sPH};7j2%i,RegularUser,Female,"""In my own way, I am strong, and I am a princess."" - Usagi Tsukino, Sailor Moon",QuantumQuill,2001/1/1,images/profile28.jpg,NORMAL
29,5018249376,Ltf5a!cx5m9v,RegularUser,Male,"""I'm not gonna be your stupid puppet who dances when you pull the strings!"" - Gon Freecss, Hunter x Hunter",NebulaNomad,1997/1/1,images/profile29.jpg,MUTE_7_DAYS
30,8546132907,WMuw}*:W%/t|,RegularUser,Female,"""The only way to do something is to do it!"" - Monkey D. Luffy, One Piece",StellarSpectra,1995/1/1,images/profile30.jpg,MUTE_7_DAYS
31,2490781563,gFF\{[(ZnR%@,RegularUser,Male,"""The only ones who should kill are those prepared to be killed!"" - Lelouch Lamperouge, Code Geass",ZenithZephyr,2002/1/1,images/profile31.jpg,NORMAL
32,7635021894,pO_omR|thN|5,RegularUser,Female,"""It's not the face that makes someone a monster; it's the choices they make with their lives."" - Naruto Uzumaki, Naruto",VelvetVortex,2006/1/1,images/profile32.jpg,NORMAL
6,user6,pass789,RegularUser,Male,Shine like a star,NovaStar,1995/1/1,images/profile33.jpg,NORMAL
7,user7,pass101,RegularUser,Female,Guarding the galaxy,GalacticGuardian,1993/1/1,images/profile34.jpg,MUTE_7_DAYS
8,user8,pass202,RegularUser,Male,Coding through cosmos,CosmicCoder,1996/1/1,images/profile35.jpg,MUTE_7_DAYS
